participant,slope,plr_latency_ms,Pulse1,Pulse2,Pulse3,Pulse4,Pulse5,Pulse6,Pulse7,Pulse8,Pulse9,Pulse10,Pulse11,Pulse12,Pulse13,Pulse14,Pulse15,Pulse16,Pulse17
P1,0.6128885884325244,200.0,0.0,144.56914757674647,147.22262497677906,147.22262497677906,147.22262497677906,147.22262497677906,147.22262497677906,147.22262497677906,7.104225673898101e-08,0.0,0.0,0.0,0.0,0.0,0.0,0.0,0.20236741129734864
P2,0.28891536930616235,190.0,71.14103342110928,71.3578650949266,71.3578650949266,71.3578650949266,71.3578650949266,71.3578650949266,71.3578650949266,71.3578650949266,69.49804383147612,0.0,0.0,0.0,0.0,0.0,0.0,0.0,0.1616646254805424
P3,0.12661316398245492,380.0,0.0,0.0,0.0,0.0,79.55741207823574,164.5997729230587,164.5997729230587,164.5997729230587,164.5997729230587,164.5997729230587,164.5997729230587,162.99519656722245,134.03140858143047,0.0,0.0,0.0035513964709856156,0.1848744571499947
P4,0.010384288596195753,360.0,0.0,0.0,0.0,0.0,0.008678357961711744,49.67281433413811,50.332617063940546,50.38276189877574,50.38276189877574,50.38276189877574,50.36125695337013,49.839137930590205,48.86380082322343,0.22075888762975293,0.008595266330346515,0.0725998893449373,0.1665520827705329
P5,-0.1015366668977688,400.0,0.0,0.0,0.0,0.0,0.0,42.86076266638472,42.86076266638472,42.86076266638472,42.86076266638472,42.86076266638472,42.86076266638472,42.86076266638472,42.86076266638472,42.86076266638472,28.701045713331737,5.264018209443318,0.16749609402609963
P6,0.036009903566833576,330.0,0.0,0.0,0.0,0.0,0.0,0.0,69.16592450925599,69.16592450925599,69.16592450925599,69.16592450925599,69.16592450925599,69.16592450925599,65.09024065612859,0.0,0.0,0.014876981364928748,0.16559186196633532
