participant,slope,plr_latency_ms,Pulse1,Pulse2,Pulse3,Pulse4,Pulse5,Pulse6,Pulse7,Pulse8,Pulse9,Pulse10,Pulse11,Pulse12,Pulse13,Pulse14,Pulse15,Pulse16,Pulse17
P1,0.6130513631911498,200.0,0.0,138.28895064621938,146.57870481185282,147.22262497677906,147.22262497677906,147.22262497677906,147.22262497677906,144.24587967875178,3.0610423214463403,0.0,0.0,0.0,0.0,0.0,0.0,0.0,0.16703557422826465
P2,0.2889091402967704,190.0,71.3578650949266,71.3578650949266,71.3578650949266,71.3578650949266,71.3578650949266,71.3578650949266,71.3578650949266,71.3578650949266,69.56334193005048,0.0,0.0,0.0,0.0,0.0,0.0,0.0,0.1648480811926101
P3,0.12668572982447632,380.0,0.0,0.0,0.0,0.0,74.78367347986796,164.5997729230587,164.5997729230587,164.5997729230587,164.5997729230587,164.5997729230587,164.5997729230587,164.5997729230587,140.43390080965116,0.0028327700008539706,0.0,0.00292484001521239,0.20191959294241
P4,0.010483468420276053,360.0,0.0,0.0,0.0,0.0,0.0,47.872497050305604,50.10160417255104,50.38276189877574,50.38276189877574,50.38276189877574,50.145832293466654,48.69111304970739,46.33255357152909,0.24390763269041243,0.010680440112422234,0.09686924569087635,0.17348419956222957
P5,-0.10148069282197741,400.0,0.0,0.0,0.0,0.0,0.0,41.502735675576794,42.82974387735442,42.86076266638472,42.86076266638472,42.86076266638472,42.86076266638472,42.86076266638472,41.983689904984395,41.3952689740402,26.360867047213393,8.261889690652412,0.17278254655117675
P6,0.036125660178725996,330.0,0.0,0.0,0.0,0.0,0.0,0.0,67.81017553560504,69.16592450925599,69.16592450925599,69.16592450925599,69.11369875080554,67.61542675261538,59.05629367856724,0.3998814342438763,0.0,0.02802628983599858,0.19387065080014054
